trial_id,stratum,seed,branch_id,status,actual_route,beta_source,target_count,detected_candidate_count,accepted,rmse_m,primary_success,coverage,abstention,shared_package_sha256,adc_input_sha256,adxl_input_sha256,guards_sha256,truth_used_by_estimator,q_proxy_used_by_estimator
stationary__seed20261001,stationary,20261001,ro_all_channel,blocked_missing_route,,,,,False,,False,False,True,8e4459a963bbea0592b75dffe4d30dc6a94069a6c473527ee73e1d953e04f56e,91fa58d8086ce5fd81312a9477564321450086d41245c59c71fa3145baeaa5dc,f9e6dc82e7360bf17fd1fc0fe46a6edd87a2025d153a0ce20753bec4a4eed3af,1f48ade4f798f9aa65174dca9631c9136e0f8ebba1867bdae380c4681845ac02,False,False
stationary__seed20261001,stationary,20261001,ra,completed,fixed_geometry_beta_structural_kalman/frame,angle_geometry,5,5,True,1.0886128409316128e-06,True,True,False,8e4459a963bbea0592b75dffe4d30dc6a94069a6c473527ee73e1d953e04f56e,91fa58d8086ce5fd81312a9477564321450086d41245c59c71fa3145baeaa5dc,f9e6dc82e7360bf17fd1fc0fe46a6edd87a2025d153a0ce20753bec4a4eed3af,1f48ade4f798f9aa65174dca9631c9136e0f8ebba1867bdae380c4681845ac02,False,False
stationary__seed20261002,stationary,20261002,ro_all_channel,blocked_missing_route,,,,,False,,False,False,True,11cab6bd67f57342c3b299ceeffb2d85e854a63600f40ba3a9a8c5c473d4b2fb,cb20ae3ddd592dcee1835fa4eb59a6c427e7faac46d43f6e40d76ea93242f8b9,408233fa46f86f47531a31f91e4093ce7e2bb1143e32e47fb93db1b0dd052286,b62257bd5e9e8b24b2731891967c83fd55310c1bce79540be97e907840f12e0e,False,False
stationary__seed20261002,stationary,20261002,ra,completed,fixed_geometry_beta_structural_kalman/frame,angle_geometry,5,5,True,1.0149291424884103e-06,True,True,False,11cab6bd67f57342c3b299ceeffb2d85e854a63600f40ba3a9a8c5c473d4b2fb,cb20ae3ddd592dcee1835fa4eb59a6c427e7faac46d43f6e40d76ea93242f8b9,408233fa46f86f47531a31f91e4093ce7e2bb1143e32e47fb93db1b0dd052286,b62257bd5e9e8b24b2731891967c83fd55310c1bce79540be97e907840f12e0e,False,False
low_motion_0p005mm__seed20261001,low_motion_0p005mm,20261001,ro_all_channel,blocked_missing_route,,,,,False,,False,False,True,e0300b59cefcda3ad93b82778dad3f79e4b263d9b9d9ebdbda5088cec37cba3b,bb031cfb3153e37704e92b80ef9a0cff5f92f045b00c081345677760a1e0a354,5bb8da0d6f70bc9333ad846deb17fcb4ca14115a2bba88cfffe4547497effbbd,371d1369d616a5e4d00c8d0c9e922c5f8a1aa84c97ebc142bcc5fc3c23b82cae,False,False
low_motion_0p005mm__seed20261001,low_motion_0p005mm,20261001,ra,completed,fixed_geometry_beta_structural_kalman/frame,angle_geometry,5,5,True,1.1152147440412594e-06,True,True,False,e0300b59cefcda3ad93b82778dad3f79e4b263d9b9d9ebdbda5088cec37cba3b,bb031cfb3153e37704e92b80ef9a0cff5f92f045b00c081345677760a1e0a354,5bb8da0d6f70bc9333ad846deb17fcb4ca14115a2bba88cfffe4547497effbbd,371d1369d616a5e4d00c8d0c9e922c5f8a1aa84c97ebc142bcc5fc3c23b82cae,False,False
low_motion_0p005mm__seed20261002,low_motion_0p005mm,20261002,ro_all_channel,blocked_missing_route,,,,,False,,False,False,True,4968e8a0f80e011bf69d7a5a40c27f64b795fd5af28c181129edd560d10cfd13,7dd2e94f01054962e542abccdd896cf63e9e6c4daf981f1da3da79ee417b2fa2,e7ae97af60835223d22df34ebec696f4b180d99800b478da3e71213da6e4d9dc,8126d1b887e305f790bf83ce5c3a1cb969e413392fbd4b4052b149ad1944f3df,False,False
low_motion_0p005mm__seed20261002,low_motion_0p005mm,20261002,ra,completed,fixed_geometry_beta_structural_kalman/frame,angle_geometry,5,5,True,1.0280588302466497e-06,True,True,False,4968e8a0f80e011bf69d7a5a40c27f64b795fd5af28c181129edd560d10cfd13,7dd2e94f01054962e542abccdd896cf63e9e6c4daf981f1da3da79ee417b2fa2,e7ae97af60835223d22df34ebec696f4b180d99800b478da3e71213da6e4d9dc,8126d1b887e305f790bf83ce5c3a1cb969e413392fbd4b4052b149ad1944f3df,False,False
low_motion_0p010mm__seed20261001,low_motion_0p010mm,20261001,ro_all_channel,blocked_missing_route,,,,,False,,False,False,True,c5e40438dcd0ba82226a9b2b9db23903862e216d8e08f4a47020e5db923f8612,b0a6d47da9b235ff6eb62321d5f676f995fbe2d8363500c5779ee8c46d590540,778527a958c1e8b494d6773e398687e4317cae05adccf69d8de208d0d3109213,0a230f314947fe1bed0ebd4f371dec85fbca2482816b9ab085db19ed454495ec,False,False
low_motion_0p010mm__seed20261001,low_motion_0p010mm,20261001,ra,completed,fixed_geometry_beta_structural_kalman/frame,angle_geometry,5,5,True,1.1605157643762048e-06,True,True,False,c5e40438dcd0ba82226a9b2b9db23903862e216d8e08f4a47020e5db923f8612,b0a6d47da9b235ff6eb62321d5f676f995fbe2d8363500c5779ee8c46d590540,778527a958c1e8b494d6773e398687e4317cae05adccf69d8de208d0d3109213,0a230f314947fe1bed0ebd4f371dec85fbca2482816b9ab085db19ed454495ec,False,False
low_motion_0p010mm__seed20261002,low_motion_0p010mm,20261002,ro_all_channel,blocked_missing_route,,,,,False,,False,False,True,a744bab906fb70064c36800bbbb7b40357da5592478605e3404a859cc2810730,268b486ba7df39eb62484f527c0eadc0f3bbfb161e1242a610f3be9a5c95cbad,b713850fb3b63bd31d519cf9ddfc85be0d0c7392b7c92be6f81ba27e69c88937,901a3b8ab68aa2db21a0376636e661c50a533d798c04c469289537aa7c6c573d,False,False
low_motion_0p010mm__seed20261002,low_motion_0p010mm,20261002,ra,completed,fixed_geometry_beta_structural_kalman/frame,angle_geometry,5,5,True,1.0624010072361832e-06,True,True,False,a744bab906fb70064c36800bbbb7b40357da5592478605e3404a859cc2810730,268b486ba7df39eb62484f527c0eadc0f3bbfb161e1242a610f3be9a5c95cbad,b713850fb3b63bd31d519cf9ddfc85be0d0c7392b7c92be6f81ba27e69c88937,901a3b8ab68aa2db21a0376636e661c50a533d798c04c469289537aa7c6c573d,False,False
low_motion_0p020mm__seed20261001,low_motion_0p020mm,20261001,ro_all_channel,blocked_missing_route,,,,,False,,False,False,True,2520c274664d07f8312196c1b075c7d7020c816950baa847cefea8636578a380,487c899252647461bc134324180e1f09e82481766863dff918d60041640f29ba,06b4e7d45fdfc94819029b074bdbf25c2c25623c55950a50b8fa415973f8ac06,e8fa5adba685c02797ff3f52ab169b3ac2bc4e75a0d170dc7e77d7ca666a14e1,False,False
low_motion_0p020mm__seed20261001,low_motion_0p020mm,20261001,ra,completed,fixed_geometry_beta_structural_kalman/frame,angle_geometry,5,5,True,1.2979553295393069e-06,True,True,False,2520c274664d07f8312196c1b075c7d7020c816950baa847cefea8636578a380,487c899252647461bc134324180e1f09e82481766863dff918d60041640f29ba,06b4e7d45fdfc94819029b074bdbf25c2c25623c55950a50b8fa415973f8ac06,e8fa5adba685c02797ff3f52ab169b3ac2bc4e75a0d170dc7e77d7ca666a14e1,False,False
low_motion_0p020mm__seed20261002,low_motion_0p020mm,20261002,ro_all_channel,blocked_missing_route,,,,,False,,False,False,True,71789b9dae09c28b66b459054ee214a41a6d00da29113a263b2689c65541b65f,643983b58e02989839ea38fc8f3d76e9d68f35d12017bb90f0d8c6f73c9009fa,af2a6802743a32732a04761d34162c8ca338b027212030ca558192ddddd7b49a,afe1f8eccfdae7da56ebb462a3fec4759a6323eabefd5489f531da2f3e21f315,False,False
low_motion_0p020mm__seed20261002,low_motion_0p020mm,20261002,ra,completed,fixed_geometry_beta_structural_kalman/frame,angle_geometry,5,5,True,1.1855723646397517e-06,True,True,False,71789b9dae09c28b66b459054ee214a41a6d00da29113a263b2689c65541b65f,643983b58e02989839ea38fc8f3d76e9d68f35d12017bb90f0d8c6f73c9009fa,af2a6802743a32732a04761d34162c8ca338b027212030ca558192ddddd7b49a,afe1f8eccfdae7da56ebb462a3fec4759a6323eabefd5489f531da2f3e21f315,False,False
low_motion_0p050mm__seed20261001,low_motion_0p050mm,20261001,ro_all_channel,blocked_missing_route,,,,,False,,False,False,True,88c9e749cc5bc0b0ad66bb61249c1a595d83cbc80f708e829a2019b01b3c68aa,000918d9e47614919655aa6718c9a9902fe389552fde06a72a14f3959ae9cdda,bfba9a1bce3870c274610ab3cc3baedfc7b81e77098acd24b30b47983c61a2d9,9287ad5b3eed8a156af07874da633666d9b17df321dfb6fab964aed277b5f283,False,False
low_motion_0p050mm__seed20261001,low_motion_0p050mm,20261001,ra,completed,fixed_geometry_beta_structural_kalman/frame,angle_geometry,5,5,True,1.942259969241071e-06,True,True,False,88c9e749cc5bc0b0ad66bb61249c1a595d83cbc80f708e829a2019b01b3c68aa,000918d9e47614919655aa6718c9a9902fe389552fde06a72a14f3959ae9cdda,bfba9a1bce3870c274610ab3cc3baedfc7b81e77098acd24b30b47983c61a2d9,9287ad5b3eed8a156af07874da633666d9b17df321dfb6fab964aed277b5f283,False,False
low_motion_0p050mm__seed20261002,low_motion_0p050mm,20261002,ro_all_channel,blocked_missing_route,,,,,False,,False,False,True,cdfe340b1e48ca921dbdd2da60b2d407093edc2b502e92287b7621637d196be6,18557d08c2d15a8c4709acd2da8e8ef83d8f1fb08b55b9cf0a8039b7bee58c57,f9314564af80a34dedf4a1726f0f3ff8303989c1e7c0e98378ab194205dd9dbc,042837cd74fb36e5aea49a8509fbb973674080ae20b46d3afa15d002fd007287,False,False
low_motion_0p050mm__seed20261002,low_motion_0p050mm,20261002,ra,completed,fixed_geometry_beta_structural_kalman/frame,angle_geometry,5,5,True,1.8189338555851146e-06,True,True,False,cdfe340b1e48ca921dbdd2da60b2d407093edc2b502e92287b7621637d196be6,18557d08c2d15a8c4709acd2da8e8ef83d8f1fb08b55b9cf0a8039b7bee58c57,f9314564af80a34dedf4a1726f0f3ff8303989c1e7c0e98378ab194205dd9dbc,042837cd74fb36e5aea49a8509fbb973674080ae20b46d3afa15d002fd007287,False,False
