band_hz,window,rank,acc_channel,zero_lag_corr,best_lag_corr_abs,best_lag_corr_signed,best_lag_samples,best_lag_s
0.2-5,full,1,1-5,-0.9543510235926701,0.9640633232638426,-0.9640633232638426,-24,-0.0079998
0.2-5,full,2,1-3,-0.9050368662820834,0.9635412318373964,-0.9635412318373964,-60,-0.0199995
0.2-5,full,3,1-6,-0.9591473145029588,0.9600640801776779,-0.9600640801776779,-7,-0.002333275
0.2-5,full,4,1-7,-0.9487152810466569,0.9577890964544271,-0.9577890964544271,24,0.0079998
0.2-5,full,5,1-4,-0.9300360787433225,0.9552474987930517,-0.9552474987930517,-39,-0.012999675
0.2-5,event,1,1-3,-0.9341289938231013,0.9987494007455461,-0.9987494007455461,-63,-0.020999475
0.2-5,event,2,1-7,-0.9832919934046377,0.9957885230676398,-0.9957885230676398,27,0.008999775
0.2-5,event,3,1-5,-0.9834245860549897,0.9950106401056994,-0.9950106401056994,-26,-0.008666450000000001
0.2-5,event,4,1-6,-0.9902837650981277,0.9917208988648147,-0.9917208988648147,-9,-0.002999925
0.2-5,event,5,1-4,-0.9605598343986894,0.9894337790810296,-0.9894337790810296,-41,-0.013666325
0.5-10,full,1,1-5,-0.7298088655200323,0.7963125138221673,-0.7963125138221673,-32,-0.0106664
0.5-10,full,2,1-4,-0.7159839853205014,0.7916218318929151,-0.7916218318929151,-34,-0.01133305
0.5-10,full,3,1-6,-0.7340327666241812,0.7905001648213877,-0.7905001648213877,-29,-0.009666425
0.5-10,full,4,1-3,-0.7063825545250896,0.7886953525217754,-0.7886953525217754,-35,-0.011666375
0.5-10,full,5,1-7,-0.7376466457878857,0.7717507890436365,-0.7717507890436365,-23,-0.007666475
0.5-10,event,1,1-5,-0.8879964677981441,0.9677040680619882,-0.9677040680619882,-32,-0.0106664
0.5-10,event,2,1-4,-0.8751165383644999,0.9639463141749072,-0.9639463141749072,-34,-0.01133305
0.5-10,event,3,1-3,-0.863743680161949,0.9619282228615752,-0.9619282228615752,-36,-0.0119997
0.5-10,event,4,1-6,-0.8944205901646733,0.9612027891162336,-0.9612027891162336,-29,-0.009666425
0.5-10,event,5,1-7,-0.9063660458524933,0.9454468206056847,-0.9454468206056847,-23,-0.007666475
0.5-20,full,1,1-32,-0.09902795624620346,0.41055711730435274,-0.41055711730435274,-35,-0.011666375
0.5-20,full,2,1-29,-0.10750945761276277,0.40973153639635324,-0.40973153639635324,-34,-0.01133305
0.5-20,full,3,1-31,-0.11374896546242141,0.4060335923645268,-0.4060335923645268,-34,-0.01133305
0.5-20,full,4,1-19,-0.0860298937061358,0.39808877049799174,-0.39808877049799174,-36,-0.0119997
0.5-20,full,5,1-24,-0.08381084021894182,0.39768683005718236,-0.39768683005718236,-36,-0.0119997
0.5-20,event,1,1-5,-0.769563202007571,0.8671575826351253,-0.8671575826351253,-33,-0.010999725
0.5-20,event,2,1-3,-0.7523365778660797,0.8636653766869099,-0.8636653766869099,-35,-0.011666375
0.5-20,event,3,1-4,-0.7559819201657474,0.8592806242168426,-0.8592806242168426,-34,-0.01133305
0.5-20,event,4,1-6,-0.7696589851805052,0.8588804784502434,-0.8588804784502434,-31,-0.010333075
0.5-20,event,5,1-7,-0.7755407167842566,0.8372514790973079,-0.8372514790973079,-26,-0.008666450000000001
0.5-40,full,1,1-32,0.14874888739325826,0.3005104485434474,-0.3005104485434474,-26,-0.008666450000000001
0.5-40,full,2,1-27,0.16482963739870332,0.29630869520980957,-0.29630869520980957,-27,-0.008999775
0.5-40,full,3,1-29,0.13444477566746837,0.2926779594516117,-0.2926779594516117,-26,-0.008666450000000001
0.5-40,full,4,1-31,0.1375004390615042,0.2882638879278347,-0.2882638879278347,-26,-0.008666450000000001
0.5-40,full,5,1-30,0.16267391244674198,0.2871984696278859,-0.2871984696278859,-27,-0.008999775
0.5-40,event,1,1-4,-0.13024196808214408,0.21323241713079377,-0.21323241713079377,-28,-0.0093331
0.5-40,event,2,1-3,-0.08703379977669129,0.20269157953238073,-0.20269157953238073,-60,-0.0199995
0.5-40,event,3,1-5,-0.15165120612873548,0.1851640582583486,-0.1851640582583486,-19,-0.006333175
0.5-40,event,4,1-6,-0.12258166349193934,0.1827511402817926,-0.1827511402817926,-22,-0.00733315
0.5-40,event,5,1-1,-0.03254532930090023,0.18123533825330354,-0.18123533825330354,-66,-0.02199945
0.5-80,full,1,1-25,0.18960174570517913,0.20449680703011955,0.20449680703011955,3,0.000999975
0.5-80,full,2,1-27,0.18155417384173184,0.20142945401817908,0.20142945401817908,4,0.0013333
0.5-80,full,3,1-22,0.1861873721060821,0.19685158171412362,0.19685158171412362,3,0.000999975
0.5-80,full,4,1-30,0.17085971745395503,0.19052430321450703,0.19052430321450703,4,0.0013333
0.5-80,full,5,1-29,0.16422651918564346,0.18971025812334116,0.18971025812334116,4,0.0013333
0.5-80,event,1,1-1,-0.037339941848415846,0.10811492631482607,0.10811492631482607,-527,-0.175662275
0.5-80,event,2,1-2,-0.04468330458431237,0.10413649670963603,0.10413649670963603,593,0.197661725
0.5-80,event,3,1-3,-0.0026864373877482713,0.09280072072946048,0.09280072072946048,-544,-0.1813288
0.5-80,event,4,1-4,-0.02220600876279728,0.08852934865268802,-0.08852934865268802,-1136,-0.3786572
0.5-80,event,5,1-32,0.05307044923034452,0.08489116364794799,0.08489116364794799,-559,-0.186328675
2-20,full,1,1-32,-0.10326976770922489,0.442544429594225,-0.442544429594225,-36,-0.0119997
2-20,full,2,1-29,-0.11211093562400805,0.4405281504574696,-0.4405281504574696,-35,-0.011666375
2-20,full,3,1-31,-0.11854648735695685,0.4367115512088542,-0.4367115512088542,-35,-0.011666375
2-20,full,4,1-24,-0.08775016184046798,0.4275757463888733,-0.4275757463888733,-37,-0.012333025000000001
2-20,full,5,1-19,-0.08955786707802907,0.42646191377132003,-0.42646191377132003,-37,-0.012333025000000001
2-20,event,1,1-5,-0.7465024258953893,0.8532522236695176,-0.8532522236695176,-33,-0.010999725
2-20,event,2,1-3,-0.7300078751193934,0.8507069850077996,-0.8507069850077996,-35,-0.011666375
2-20,event,3,1-4,-0.7340475656896321,0.8466650485284937,-0.8466650485284937,-34,-0.01133305
2-20,event,4,1-6,-0.7466124280033994,0.8443206032929966,-0.8443206032929966,-31,-0.010333075
2-20,event,5,1-1,-0.6885139216441779,0.8269267387668587,-0.8269267387668587,-36,-0.0119997
5-40,full,1,1-32,0.15692088458248765,0.3241400052472476,-0.3241400052472476,-27,-0.008999775
5-40,full,2,1-27,0.17487345926824235,0.32229908387395917,-0.32229908387395917,-28,-0.0093331
5-40,full,3,1-29,0.14230798999294292,0.31587326347375627,-0.31587326347375627,-26,-0.008666450000000001
5-40,full,4,1-30,0.1715477525263627,0.31073143715345863,-0.31073143715345863,-28,-0.0093331
5-40,full,5,1-31,0.1451696454933424,0.3107193157253982,-0.3107193157253982,-27,-0.008999775
5-40,event,1,1-4,-0.076187786450235,0.1750644021476134,-0.1750644021476134,-28,-0.0093331
5-40,event,2,1-12,0.09863475037098107,0.17040139458227874,-0.17040139458227874,205,0.06833162500000001
5-40,event,3,1-22,0.06725410230793644,0.16979338621261936,-0.16979338621261936,-1491,-0.496987575
5-40,event,4,1-18,0.06658221003868818,0.16898239517168173,-0.16898239517168173,-1492,-0.4973209
5-40,event,5,1-21,0.06369785415036734,0.16852109737342932,-0.16852109737342932,-1491,-0.496987575
