rank,acc_channel,abs_corr_with_laser_second_derivative,signed_corr
1,1-25,0.189602,0.189602
2,1-22,0.186187,0.186187
3,1-27,0.181554,0.181554
4,1-20,0.179508,0.179508
5,1-28,0.171887,0.171887
6,1-30,0.170860,0.170860
7,1-19,0.169961,0.169961
8,1-21,0.169477,0.169477
9,1-18,0.166265,0.166265
10,1-29,0.164227,0.164227
11,1-23,0.160953,0.160953
12,1-26,0.160251,0.160251
13,1-32,0.159309,0.159309
14,1-24,0.159036,0.159036
15,1-17,0.153160,0.153160
16,1-31,0.150714,0.150714
17,1-16,0.066472,0.066472
18,1-15,0.059100,0.059100
19,1-7,0.017699,-0.017699
20,1-2,0.017119,-0.017119
21,1-5,0.012816,-0.012816
22,1-1,0.010803,-0.010803
23,1-9,0.009984,0.009984
24,1-4,0.008827,-0.008827
25,1-6,0.007064,-0.007064
26,1-12,0.005750,0.005750
27,1-11,0.004928,-0.004928
28,1-10,0.003840,0.003840
29,1-14,0.002332,0.002332
30,1-3,0.001313,0.001313
31,1-13,0.000705,0.000705
32,1-8,0.000150,0.000150
