scenario,method,target_index,true_angle_deg,estimated_angle_deg,angle_error_deg
literature_maglev_modal_response,angle_fft_local_music,0,8.0,8.006246034402281,0.006246034402280998
literature_maglev_modal_response,angle_fft_local_music,1,18.0,17.990609728141223,-0.009390271858777055
literature_maglev_modal_response,angle_fft_local_music,2,28.0,27.972982607713213,-0.0270173922867869
literature_maglev_modal_response,angle_fft_local_music,3,38.0,37.99658364948852,-0.0034163505114790382
literature_maglev_modal_response,angle_fft_local_music,4,50.0,50.01227317160997,0.012273171609969324
literature_maglev_modal_response,angle_fft_local_music_ml,0,8.0,7.994703696601788,-0.005296303398211855
literature_maglev_modal_response,angle_fft_local_music_ml,1,18.0,18.00392771416652,0.003927714166518825
literature_maglev_modal_response,angle_fft_local_music_ml,2,28.0,27.992276172191385,-0.007723827808614914
literature_maglev_modal_response,angle_fft_local_music_ml,3,38.0,37.99415596092771,-0.005844039072286478
literature_maglev_modal_response,angle_fft_local_music_ml,4,50.0,50.00848662761672,0.008486627616719034
strong_wrapping,angle_fft_local_music,0,10.0,10.012834927761384,0.012834927761383952
strong_wrapping,angle_fft_local_music,1,25.0,24.9925755742003,-0.007424425799701595
strong_wrapping,angle_fft_local_music,2,40.0,40.01897191946688,0.018971919466878262
strong_wrapping,angle_fft_local_music,3,55.0,54.98403495909056,-0.015965040909442507
strong_wrapping,angle_fft_local_music,4,70.0,70.00164853887001,0.0016485388700147041
strong_wrapping,angle_fft_local_music_ml,0,10.0,9.99817187364384,-0.0018281263561608085
strong_wrapping,angle_fft_local_music_ml,1,25.0,24.99272472922282,-0.0072752707771783776
strong_wrapping,angle_fft_local_music_ml,2,40.0,40.004688028973945,0.004688028973944824
strong_wrapping,angle_fft_local_music_ml,3,55.0,55.00602914412631,0.00602914412630895
strong_wrapping,angle_fft_local_music_ml,4,70.0,70.02114965619657,0.021149656196570277
same_range_far_angles,angle_fft_local_music,0,0.0,2.0774271550470034,2.0774271550470034
same_range_far_angles,angle_fft_local_music,1,45.0,57.008357154679246,12.008357154679246
same_range_far_angles,angle_fft_local_music_ml,0,0.0,-1.2343149126001178,-1.2343149126001178
same_range_far_angles,angle_fft_local_music_ml,1,45.0,48.607987274588986,3.607987274588986
aoa_error_bootstrap,angle_fft_local_music,0,10.0,10.012126819452519,0.012126819452518589
aoa_error_bootstrap,angle_fft_local_music,1,25.0,24.99413431607455,-0.005865683925449616
aoa_error_bootstrap,angle_fft_local_music,2,40.0,40.02018954794891,0.020189547948909592
aoa_error_bootstrap,angle_fft_local_music,3,55.0,54.95193244496379,-0.048067555036212184
aoa_error_bootstrap,angle_fft_local_music,4,70.0,69.97940611477348,-0.020593885226517727
aoa_error_bootstrap,angle_fft_local_music_ml,0,10.0,9.997963892483615,-0.002036107516385499
aoa_error_bootstrap,angle_fft_local_music_ml,1,25.0,24.997607810635504,-0.0023921893644960335
aoa_error_bootstrap,angle_fft_local_music_ml,2,40.0,40.00824640541292,0.008246405412918989
aoa_error_bootstrap,angle_fft_local_music_ml,3,55.0,54.96680874754007,-0.03319125245992893
aoa_error_bootstrap,angle_fft_local_music_ml,4,70.0,69.92605777472805,-0.07394222527194927
target_snr_drop,angle_fft_local_music,0,10.0,10.009135748324267,0.009135748324267112
target_snr_drop,angle_fft_local_music,1,25.0,24.99528089774268,-0.0047191022573187524
target_snr_drop,angle_fft_local_music,2,40.0,40.02028916864151,0.020289168641511424
target_snr_drop,angle_fft_local_music,3,55.0,54.94214070731452,-0.05785929268547818
target_snr_drop,angle_fft_local_music,4,70.0,69.97676559447753,-0.023234405522472912
target_snr_drop,angle_fft_local_music_ml,0,10.0,9.996281018979962,-0.0037189810200377593
target_snr_drop,angle_fft_local_music_ml,1,25.0,25.001787869233585,0.0017878692335848712
target_snr_drop,angle_fft_local_music_ml,2,40.0,40.009343650448066,0.009343650448066398
target_snr_drop,angle_fft_local_music_ml,3,55.0,54.9576906729675,-0.042309327032498345
target_snr_drop,angle_fft_local_music_ml,4,70.0,69.87938778756927,-0.1206122124307285
