scenario,method,rmse_mm,angle_rmse_deg
literature_maglev_modal_response,angle_fft_local_music,0.06668469858140323,0.01427887831378495
literature_maglev_modal_response,angle_fft_local_music_ml,0.01855017264537625,0.006470099307741502
strong_wrapping,angle_fft_local_music,35.74372112093784,0.012941340031071401
strong_wrapping,angle_fft_local_music_ml,0.018817803875969232,0.010601016579977893
same_range_far_angles,angle_fft_local_music,0.08796589640689444,8.617318177335187
same_range_far_angles,angle_fft_local_music_ml,0.04581546804196713,2.696396250281391
aoa_error_bootstrap,angle_fft_local_music,0.05660146981447782,0.025782481650185863
aoa_error_bootstrap,angle_fft_local_music_ml,0.020161172316573807,0.0364608925399106
target_snr_drop,angle_fft_local_music,0.07814915203481936,0.029681366335698293
target_snr_drop,angle_fft_local_music_ml,0.05810308552985112,0.05734407735991141
