scenario,scenario_label_zh,validation_purpose_zh,validation_focus_zh,paper_section_zh,duration_s,sample_rate_hz,motion_profile,truth_peak_displacement_mm,peak_displacement_mm,peak_to_peak_displacement_mm,max_frame_step_mm,nominal_frequencies_hz,generated_frequencies_hz,dominant_displacement_frequencies_hz,target_angles_deg,target_snr_db,target_range_bins,num_targets,carrier_frequency_hz,adc_sample_rate_hz,adc_samples_per_chirp,chirp_duration_s,chirps_per_frame,aoa_error_deg,degraded_target_indices,dropout_target_indices,quiet_peak_mm,micro_peak_mm,ramp_peak_mm,main_response_peak_mm
nominal_multifrequency,标准多频振动,验证基础多目标结构主相位融合在常规多频响应下的位移恢复精度,基础精度、多频响应、冷启动后稳定融合,主实验,5.0,100.0,cold_start_ramp,1.5,1.5000000000000002,2.954050474344674,0.334328655585149,2;5;12,1.36;5.28;11.93,1.4;1.2;5.2,10;25;40;55;70,25;20;15;10;5,,5,77000000000.0,6000000.0,256,6e-05,4,0.0,,,0.0,0.10090580163735018,1.1475443085618715,1.5000000000000002
measured_bridge_point4_transverse,实测桥梁位移驱动,验证算法在真实桥梁单点非平稳位移波形上的可用性,半实测波形、真实车辆响应形态、雷达相位合成,主实验,4.0,100.0,measured_bridge,1.5,2.2209465888442375,2.495447373030993,0.5608497627867943,2;5;12,0.2;80,0.25;0.5;50,5;15;25;35;45,26;24;22;20;18,8;24;40;56;72,5,77000000000.0,6000000.0,256,6e-05,4,0.0,,,0.24153221581790646,2.1394052096719838,2.1736481990081145,2.2209465888442375
ma2023_balanced_good_targets,Ma 2023 多优质目标仿真,模拟文献中多个候选目标质量接近的情况，检验多目标融合是否优于单目标选择,文献启发场景、多优质目标融合、单目标对比,文献启发/附录,5.0,100.0,cold_start_ramp,1.5,1.5,2.7506952681516927,0.040526892611465026,0.3;0.5;1,0.3;0.5;1,0.4;0.2;1,5;12;19;26;33,35;35;35;35;35,31;33;35;42;48,5,77000000000.0,6000000.0,256,6e-05,4,0.0,,,0.0,0.045350546883912324,0.7592007078874679,1.5
strong_wrapping,强相位缠绕,验证预测辅助相位校正能否处理毫米级大振幅导致的多次相位缠绕,强缠绕、解缠失败风险、Kalman 预测辅助校正,主实验,5.0,100.0,cold_start_ramp_strong_wrapping,5.0,5.0,9.97011871590983,1.970277217785773,2;5;12,2;5;12,5;12;5.2,10;25;40;55;70,30;25;20;15;10,,5,77000000000.0,6000000.0,256,6e-05,4,0.0,,,0.0,0.16379773791265625,3.778672676577774,5.0
aoa_error_bootstrap,AoA 初值误差与转换系数收敛,验证 AoA 冷启动存在误差时，在线转换系数 bootstrap 能否收敛,AoA 初值误差、kappa/bootstrap 收敛、H 矩阵修正,消融实验,5.0,100.0,cold_start_ramp,1.5,1.5000000000000002,2.954050474344674,0.334328655585149,2;5;12,1.36;5.28;11.93,1.4;1.2;5.2,10;25;40;55;70,25;20;15;10;5,,5,77000000000.0,6000000.0,256,6e-05,4,10.0,,,0.0,0.10090580163735018,1.1475443085618715,1.5000000000000002
target_snr_drop,目标 SNR 退化,验证 target-wise 自适应 R 能否降低退化目标对融合状态的污染,SNR 下降、目标级 R 自适应、坏目标降权,主实验,5.0,100.0,cold_start_ramp,1.5,1.5000000000000002,2.954050474344674,0.334328655585149,2;5;12,1.36;5.28;11.93,1.4;1.2;5.2,10;25;40;55;70,25;20;15;10;5,,5,77000000000.0,6000000.0,256,6e-05,4,0.0,0;1,,0.0,0.10090580163735018,1.1475443085618715,1.5000000000000002
target_dropout,目标遮挡/丢失,验证部分目标不可用时，多目标融合能否依靠剩余目标维持位移估计,dropout、available mask、多目标冗余,鲁棒性附录,5.0,100.0,cold_start_ramp,1.5,1.5000000000000002,2.954050474344674,0.334328655585149,2;5;12,1.36;5.28;11.93,1.4;1.2;5.2,10;25;40;55;70,25;20;15;10;5,,5,77000000000.0,6000000.0,256,6e-05,4,0.0,,0,0.0,0.10090580163735018,1.1475443085618715,1.5000000000000002
mixed_scatterer_rangebin,同 rangeBin 复合散射,验证同一距离单元内复合散射造成相位畸变时，前端筛选与自适应 R 的鲁棒性,复合散射、混合相位、目标质量退化,鲁棒性附录,5.0,100.0,cold_start_ramp,1.5,1.5000000000000002,2.954050474344674,0.334328655585149,2;5;12,1.36;5.28;11.93,1.4;1.2;5.2,10;25;40;55;70,25;20;15;10;5,,5,77000000000.0,6000000.0,256,6e-05,4,0.0,,,0.0,0.10090580163735018,1.1475443085618715,1.5000000000000002
same_range_far_angles,同 rangeBin 远角度多目标,验证 angle-bin 分离能解决同距离单元内不同角度目标被 range-bin 方法混合的问题,同 rangeBin、多角度分离、Ma-style range-bin baseline 对比,主实验,5.0,100.0,cold_start_ramp,1.5,1.5,2.9522935005835405,0.3255485566322277,2;5;12,1.36;5.28;11.93,1.4;1.2;5.2,0;45;25;65,36;36;32;32,12;12;12;12,4,77000000000.0,6000000.0,256,6e-05,4,0.0,,,0.0,0.1002344728922853,1.1471578959503717,1.5
low_snr_multitarget,低 SNR 多目标,验证低信噪比条件下多目标融合与目标筛选是否仍能保持可用精度,低 SNR、多目标融合、SNR sensitivity,敏感性/附录,5.0,100.0,cold_start_ramp,1.5,1.5000000000000002,2.954050474344674,0.334328655585149,2;5;12,1.36;5.28;11.93,1.4;1.2;5.2,10;25;40;55;70,12;10;8;6;4,,5,77000000000.0,6000000.0,256,6e-05,4,0.0,,,0.0,0.10090580163735018,1.1475443085618715,1.5000000000000002
vehicle_event_nonstationary,车辆事件非平稳响应,验证由微弱振动逐渐进入强响应的车辆事件过程中，完整闭环能否稳定运行,弱到强响应、冷启动收敛、完整 pipeline 闭环,主实验,5.0,100.0,cold_start_vehicle_event,1.5,1.5,2.9513172107699335,0.41829501326936835,2;5;12,1.36;5.28;11.93,1.4;1.2;1.6,10;25;40;55;70,25;20;15;10;5,,5,77000000000.0,6000000.0,256,6e-05,4,0.0,,,1.1700224931252381e-07,0.0962773917416194,0.18174236357282147,1.5
