scenario,scenario_label_zh,validation_purpose_zh,validation_focus_zh,paper_section_zh,duration_s,sample_rate_hz,motion_profile,truth_peak_displacement_mm,peak_displacement_mm,peak_to_peak_displacement_mm,max_frame_step_mm,nominal_frequencies_hz,generated_frequencies_hz,dominant_displacement_frequencies_hz,target_angles_deg,target_snr_db,target_range_bins,num_targets,carrier_frequency_hz,adc_sample_rate_hz,adc_samples_per_chirp,chirp_duration_s,chirps_per_frame,aoa_error_deg,frontend_num_tx,frontend_num_rx,frontend_num_virtual_rx,frontend_num_angle_bins,frontend_angle_window,degraded_target_indices,dropout_target_indices,quiet_peak_mm,micro_peak_mm,ramp_peak_mm,main_response_peak_mm
literature_maglev_modal_response,文献主频驱动磁浮轨道梁响应,基于实桥文献给出的轨道梁主频构造可解释的非平稳车辆响应仿真,文献主频、车辆事件包络、频谱泄漏、半实测替代场景,主实验,5.0,200.0,literature_maglev_modal,1.8,1.8,3.420722632157564,0.6164884920068722,7.7737;11.5742;26.5642,7.7737;11.5742;26.5642,7.8;7.6;11.6,8;18;28;38;50,20;17;14;11;8,12;24;36;48;60,5,77000000000.0,6000000.0,256,6e-05,4,0.0,3,4,8,64,hann,,,0.017703462734043603,0.21414663204816867,0.4399443185166263,1.8
strong_wrapping,强相位缠绕,验证预测辅助相位校正能否处理毫米级大振幅导致的多次相位缠绕,强缠绕、解缠失败风险、Kalman 预测辅助校正,主实验,5.0,100.0,cold_start_ramp_strong_wrapping,5.0,5.0,9.97011871590983,1.970277217785773,2;5;12,2;5;12,5;12;5.2,10;25;40;55;70,22;18;14;10;6,,5,77000000000.0,6000000.0,256,6e-05,4,0.0,3,4,8,64,hann,,,0.0,0.16379773791265625,3.778672676577774,5.0
aoa_error_bootstrap,FFT AoA 初值误差与 beta 收敛,验证 angle FFT 前端 AoA 量化/分辨率误差存在时，在线 beta bootstrap 能否收敛,FFT 前端 AoA 初值误差、beta/bootstrap 收敛、多目标结构方向融合,消融实验,5.0,100.0,cold_start_ramp,1.5,1.5000000000000002,2.954050474344674,0.334328655585149,2;5;12,1.36;5.28;11.93,1.4;1.2;5.2,10;25;40;55;70,22;18;15;12;9,,5,77000000000.0,6000000.0,256,6e-05,4,0.0,3,4,8,64,hann,,,0.0,0.10090580163735018,1.1475443085618715,1.5000000000000002
target_snr_drop,目标 SNR 退化,验证 confidence-aware target-wise R 能否降低退化目标对融合状态的污染,SNR 下降、目标级有效 R、坏目标降权,主实验,5.0,100.0,cold_start_ramp,1.5,1.5000000000000002,2.954050474344674,0.334328655585149,2;5;12,1.36;5.28;11.93,1.4;1.2;5.2,10;25;40;55;70,20;15;12;9;6,,5,77000000000.0,6000000.0,256,6e-05,4,0.0,3,4,8,64,hann,0;1,,0.0,0.10090580163735018,1.1475443085618715,1.5000000000000002
same_range_far_angles,同 rangeBin 远角度多目标,验证 angle-bin 分离能解决同距离单元内不同角度目标被 range-bin 方法混合的问题,同 rangeBin、多角度分离、Ma-style range-bin baseline 对比,主实验,5.0,100.0,cold_start_ramp,1.5,1.5,2.9522935005835405,0.3255485566322277,2;5;12,1.36;5.28;11.93,1.4;1.2;5.2,0;45;25;65,22;20;16;12,12;12;12;12,4,77000000000.0,6000000.0,256,6e-05,4,0.0,3,4,8,64,hann,,,0.0,0.1002344728922853,1.1471578959503717,1.5
literature_mmwbats_same_range_aliasing,mmWBat 同 rangeBin 角度混叠复刻,复刻 mmWBat/mmSHM 中两个目标位于同一 rangeBin、依靠第二次 Angle FFT 分离的机制场景,同 rangeBin、约一个角分辨单元、range-angle component 相位提取,文献机制复刻/附录,5.0,100.0,cold_start_ramp,1.5,1.5,2.9540504743446734,0.3343286555851489,2;5;12,1.36;5.28;11.93,1.4;1.2;5.2,15;30,22;18,18;18,2,77000000000.0,6000000.0,256,6e-05,4,0.0,3,4,8,64,hann,,,0.0,0.10090580163735013,1.147544308561871,1.5
literature_mmshm_adjacent_range_clutter,mmSHM 相邻 rangeBin 干扰复刻,复刻 mmSHM 中相邻距离单元目标互扰、需要 range-angle 联合定位后提取相位的机制场景,相邻 rangeBin、角度分离、clutter/coupling 机制,文献机制复刻/附录,5.0,100.0,cold_start_ramp,1.5,1.5,2.9540504743446734,0.3343286555851489,2;5;12,1.36;5.28;11.93,1.4;1.2;5.2,15;30,22;18,18;19,2,77000000000.0,6000000.0,256,6e-05,4,0.0,3,4,8,64,hann,,,0.0,0.10090580163735013,1.147544308561871,1.5
mixed_scatterer_rangebin,同 rangeBin 复合散射,验证同一距离单元内复合散射造成相位畸变时，前端筛选与 confidence-aware R 的鲁棒性,复合散射、混合相位、目标质量退化,鲁棒性附录,5.0,100.0,cold_start_ramp,1.5,1.5000000000000002,2.954050474344674,0.334328655585149,2;5;12,1.36;5.28;11.93,1.4;1.2;5.2,10;25;40;55;70,20;15;12;9;6,,5,77000000000.0,6000000.0,256,6e-05,4,0.0,3,4,8,64,hann,,,0.0,0.10090580163735018,1.1475443085618715,1.5000000000000002
low_snr_multitarget,低 SNR 多目标,验证低信噪比条件下多目标融合与目标筛选是否仍能保持可用精度,低 SNR、多目标融合、SNR sensitivity,敏感性/附录,5.0,100.0,cold_start_ramp,1.5,1.5000000000000002,2.954050474344674,0.334328655585149,2;5;12,1.36;5.28;11.93,1.4;1.2;5.2,10;25;40;55;70,10;8;6;4;2,,5,77000000000.0,6000000.0,256,6e-05,4,0.0,3,4,8,64,hann,,,0.0,0.10090580163735018,1.1475443085618715,1.5000000000000002
